"2017/09/22 7:49:32 下午 GMT+8","男","商學院","Year2","wechat微信","分享生活;討論校園生活和熱點話題;交友","內地生","內地","","","","1","2","缺乏有效的交流平台;语言不通畅;关注不同的话题;文化背景不了解","70","NA","没发生过","","","微信朋友圈","邮件","微信朋友圈","微信朋友圈","熱點討論;上莊資訊;物品交換;交友約伴;倾诉心情（如树洞、CU Secret）;學術攻略（交換，選課等）"
"2017/09/22 8:00:30 下午 GMT+8","男","工程學院","Year4 or above","wechat微信;weibo微博","分享生活;討論校園生活和熱點話題;交友","內地生","內地","","","","1","2","缺乏有效的交流平台;关注不同的话题;文化背景不了解","50","10","<1分钟","facebook;微信朋友圈;微博","微博;缺乏一個專業的平臺","facebook;校園微信公眾號（cu轉換器等）;缺乏一個專業的平臺","facebook;校園微信公眾號（cu轉換器等）;缺乏一個專業的平臺","facebook;微信朋友圈;缺乏一個專業的平臺","facebook;微博;缺乏一個專業的平臺","分享動態;上莊資訊;物品交換;交友約伴;學術攻略（交換，選課等）"
"2017/09/26 8:53:34 下午 GMT+8","男","工程學院","Year4 or above","wechat微信","分享生活","內地生","內地","","","","3","2","缺乏有效的交流平台;语言不通畅;文化背景不了解","50","10","没发生过","微信朋友圈","facebook;缺乏一個專業的平臺","微信朋友圈","cpdc","校園微信公眾號（cu轉換器等）","微信朋友圈","交友約伴;倾诉心情（如树洞、CU Secret）;學術攻略（交換，選課等）"
"2017/09/26 8:56:53 下午 GMT+8","男","理學院","Year4 or above","wechat微信;whatsapps","分享生活;討論校園生活和熱點話題;交友","內地生","內地","","","","3","2","缺乏有效的交流平台;语言不通畅;关注不同的话题;文化背景不了解","10","没有丢过。。","没发生过","微信朋友圈","微信朋友圈","微信朋友圈","微信朋友圈","微信朋友圈;校園微信公眾號（cu轉換器等）","微信朋友圈","招聘咨詢;校园意见反馈;倾诉心情（如树洞、CU Secret）;學術攻略（交換，選課等）"
"2017/09/26 8:59:34 下午 GMT+8","女","理學院","Year4 or above","facebook;wechat微信;weibo微博;ins","分享生活","內地生","內地","","","","3","2","缺乏有效的交流平台;文化背景不了解","20","没有经验 8-10","1-5分钟","微信朋友圈","facebook;微信朋友圈;微博","缺乏一個專業的平臺","微信朋友圈;內地生口中;缺乏一個專業的平臺","校園微信公眾號（cu轉換器等）","微信朋友圈;校園微信公眾號（cu轉換器等）","分享動態;熱點討論;上莊資訊;招聘咨詢;交友約伴;校园意见反馈;倾诉心情（如树洞、CU Secret）;學術攻略（交換，選課等）"
"2017/09/26 9:01:37 下午 GMT+8","女","商學院","Year1","wechat微信;weibo微博","分享生活;討論校園生活和熱點話題","內地生","內地","","","","4","4","缺乏有效的交流平台;关注不同的话题","15","8","没发生过","微信朋友圈","facebook;微信朋友圈","微信朋友圈","facebook;內地生口中","微信朋友圈;校園微信公眾號（cu轉換器等）","微信朋友圈","分享動態;熱點討論;上莊資訊;物品交換;學術攻略（交換，選課等）"
"2017/09/26 9:01:43 下午 GMT+8","女","理學院","Year1","wechat微信;weibo微博;whatsapps","分享生活;討論校園生活和熱點話題;物品交換;交友","內地生","內地","","","","1","2","缺乏有效的交流平台;语言不通畅;关注不同的话题;文化背景不了解","二三十个","十几个","没发生过","微信朋友圈;微博","微信朋友圈;校園微信公眾號（cu轉換器等）","微信朋友圈","校園微信公眾號（cu轉換器等）;內地生口中","校園微信公眾號（cu轉換器等）","微信朋友圈","分享動態;熱點討論;上莊資訊;物品交換;招聘咨詢;交友約伴;校园意见反馈;學術攻略（交換，選課等）"
"2017/09/26 9:02:21 下午 GMT+8","男","工程學院","Year2","wechat微信;weibo微博","分享生活","內地生","內地","","","","3","2","语言不通畅;文化背景不了解;对交流不感兴趣","10","10","没发生过","微信朋友圈","facebook;微信朋友圈","微信朋友圈","微信朋友圈;校園微信公眾號（cu轉換器等）;內地生口中;缺乏一個專業的平臺","校園微信公眾號（cu轉換器等）;缺乏一個專業的平臺","微信朋友圈;缺乏一個專業的平臺","熱點討論;招聘咨詢;學術攻略（交換，選課等）"
"2017/09/26 9:04:25 下午 GMT+8","男","理學院","Year4 or above","wechat微信","分享生活;討論校園生活和熱點話題;交友","內地生","內地","","","","1","1","缺乏有效的交流平台;语言不通畅;关注不同的话题","35","25","5-10分钟","微信朋友圈","微信朋友圈","微信朋友圈","微信朋友圈;內地生口中","微信朋友圈;校園微信公眾號（cu轉換器等）","微信朋友圈","分享動態;熱點討論;上莊資訊;物品交換;招聘咨詢;交友約伴;校园意见反馈;學術攻略（交換，選課等）"
"2017/09/26 9:05:09 下午 GMT+8","男","理學院","Year2","facebook;wechat微信","分享生活;討論校園生活和熱點話題;交友","內地生","內地","","","","3","3","语言不通畅;文化背景不了解","50","30","1-5分钟","facebook;微信朋友圈","facebook;微信朋友圈","facebook;微信朋友圈","facebook;微信朋友圈","facebook;微信朋友圈","facebook;微信朋友圈","分享動態;熱點討論;上莊資訊;物品交換;交友約伴;倾诉心情（如树洞、CU Secret）;學術攻略（交換，選課等）"
"2017/09/26 9:06:22 下午 GMT+8","女","文學院","Year1","wechat微信","分享生活","內地生","內地","","","","3","3","语言不通畅;文化背景不了解","6","10","没发生过","微博","facebook;微信朋友圈","facebook;微信朋友圈","facebook;微信朋友圈;校園微信公眾號（cu轉換器等）","校園微信公眾號（cu轉換器等）","微信朋友圈","物品交換;交友約伴;倾诉心情（如树洞、CU Secret）;學術攻略（交換，選課等）"
"2017/09/26 9:08:55 下午 GMT+8","男","工程學院","Year2","wechat微信","分享生活;交友","內地生","內地","","","","2","2","缺乏有效的交流平台;语言不通畅;关注不同的话题;文化背景不了解","15","15","没发生过","微信朋友圈","微信朋友圈;校園微信公眾號（cu轉換器等）","微信朋友圈;校園微信公眾號（cu轉換器等）","微信朋友圈;校園微信公眾號（cu轉換器等）;內地生口中","微信朋友圈;校園微信公眾號（cu轉換器等）","微信朋友圈","分享動態;熱點討論;物品交換;交友約伴;倾诉心情（如树洞、CU Secret）"
"2017/09/26 9:09:07 下午 GMT+8","男","理學院","Year1","wechat微信;ins","分享生活;討論校園生活和熱點話題;交友","內地生","內地","","","","3","4","语言不通畅","10","10","1-5分钟","微信朋友圈","微信朋友圈","微信朋友圈","微信朋友圈","微信朋友圈;校園微信公眾號（cu轉換器等）","微信朋友圈","分享動態;熱點討論;校园意见反馈;學術攻略（交換，選課等）"
"2017/09/26 9:09:44 下午 GMT+8","男","理學院","Year3","wechat微信","分享生活","內地生","內地","","","","3","3","缺乏有效的交流平台","20","未有相关经验","没发生过","facebook;微信朋友圈","facebook;微信朋友圈","facebook","facebook;微信朋友圈;內地生口中","校園微信公眾號（cu轉換器等）","微信朋友圈","分享動態;熱點討論"
"2017/09/26 9:10:16 下午 GMT+8","男","社科學院","Year1","qq  为什么无视qq？？？？","分享生活;討論校園生活和熱點話題;交友;撩妹","...小学初中高中同学","內地","","","","1","1","缺乏有效的交流平台;语言不通畅;对交流不感兴趣","20-30","5-10","没发生过","微信朋友圈","我可以说面基吗","我可以继续说面基吗","缺乏一個專業的平臺","校園微信公眾號（cu轉換器等）","缺乏一個專業的平臺","没什么必要吧"
"2017/09/26 9:13:30 下午 GMT+8","男","理學院","Year1","wechat微信","分享生活;討論校園生活和熱點話題;交友","內地生","香港","5","2","语言不通畅","","","","","","","微信朋友圈;校園微信公眾號（cu轉換器等）","微信朋友圈;校園微信公眾號（cu轉換器等）","微信朋友圈;校園微信公眾號（cu轉換器等）","facebook;微信朋友圈;校園微信公眾號（cu轉換器等）;內地生口中;local同學口中","缺乏一個專業的平臺","缺乏一個專業的平臺","分享動態;熱點討論;物品交換;交友約伴;校园意见反馈;倾诉心情（如树洞、CU Secret）;學術攻略（交換，選課等）"
"2017/09/26 9:14:22 下午 GMT+8","男","工程學院","Year4 or above","wechat微信","分享生活","內地生","內地","","","","3","3","对交流不感兴趣","10个左右","没丢过 估计最多二三十","1-5分钟","微信朋友圈","缺乏一個專業的平臺","面谈","学校及公司官方渠道","校園微信公眾號（cu轉換器等）","缺乏一個專業的平臺","物品交換;交友約伴;校园意见反馈;倾诉心情（如树洞、CU Secret）"
"2017/09/26 9:15:16 下午 GMT+8","女","理學院","Year1","wechat微信","分享生活","內地生","內地","","","","3","3","缺乏有效的交流平台;语言不通畅;关注不同的话题;文化背景不了解","5","10","没发生过","微信朋友圈","微信朋友圈","微信朋友圈","微信朋友圈","微信朋友圈","微信朋友圈","分享動態;物品交換;招聘咨詢;學術攻略（交換，選課等）"
"2017/09/26 9:20:36 下午 GMT+8","男","理學院","Year3","wechat微信;weibo微博","分享生活;討論校園生活和熱點話題;交友","內地生","內地","","","","4","3","语言不通畅;关注不同的话题;文化背景不了解","30","50","1-5分钟","facebook;微信朋友圈","facebook;微信朋友圈","微信朋友圈","facebook;微信朋友圈;校園微信公眾號（cu轉換器等）;內地生口中","facebook;微信朋友圈;校園微信公眾號（cu轉換器等）","微信朋友圈;校園微信公眾號（cu轉換器等）","分享動態;熱點討論;交友約伴;校园意见反馈;倾诉心情（如树洞、CU Secret）"
"2017/09/26 9:23:02 下午 GMT+8","女","商學院","Year4 or above","wechat微信;weibo微博","分享生活;討論校園生活和熱點話題;求職，招聘信息;交友","內地生","內地","","","","1","1","缺乏有效的交流平台;语言不通畅;关注不同的话题;文化背景不了解","20","15","没发生过","微信朋友圈","缺乏一個專業的平臺","微信朋友圈","微信朋友圈;內地生口中;缺乏一個專業的平臺","微信朋友圈;校園微信公眾號（cu轉換器等）","微信朋友圈","招聘咨詢;學術攻略（交換，選課等）"
"2017/09/26 9:32:12 下午 GMT+8","女","商學院","Year4 or above","wechat微信;weibo微博","分享生活;交友;获得实时消息","內地生","內地","","","","3","2","缺乏有效的交流平台;关注不同的话题;对交流不感兴趣","8","15","没发生过","微信朋友圈","缺乏一個專業的平臺","微信朋友圈;校園微信公眾號（cu轉換器等）","微信朋友圈;校園微信公眾號（cu轉換器等）;微博;內地生口中","校園微信公眾號（cu轉換器等）","微信朋友圈","分享動態;物品交換;招聘咨詢;交友約伴;校园意见反馈;學術攻略（交換，選課等）"
"2017/09/26 9:36:46 下午 GMT+8","女","商學院","Year4 or above","facebook;wechat微信;weibo微博;ins;whatsapps","分享生活;討論校園生活和熱點話題","內地生","內地","","","","1","1","缺乏有效的交流平台;语言不通畅;关注不同的话题","11","15","没发生过","微信朋友圈;微博","微信朋友圈;缺乏一個專業的平臺","微信朋友圈;微博","微信朋友圈;微博;內地生口中;缺乏一個專業的平臺","缺乏一個專業的平臺","缺乏一個專業的平臺","分享動態;物品交換;招聘咨詢;交友約伴;校园意见反馈;學術攻略（交換，選課等）"
"2017/09/26 9:37:35 下午 GMT+8","女","社科學院","Year1","facebook;wechat微信;weibo微博","分享生活;討論校園生活和熱點話題","內地生","內地","","","","2","3","缺乏有效的交流平台;语言不通畅;对交流不感兴趣","30","30","没发生过","微信朋友圈","微信朋友圈","微信朋友圈;校園微信公眾號（cu轉換器等）;微博","微信朋友圈;校園微信公眾號（cu轉換器等）;內地生口中","微信朋友圈;校園微信公眾號（cu轉換器等）;微博","微信朋友圈;校園微信公眾號（cu轉換器等）","分享動態;熱點討論;上莊資訊;物品交換;招聘咨詢;交友約伴;校园意见反馈;倾诉心情（如树洞、CU Secret）;學術攻略（交換，選課等）"
"2017/09/26 9:40:45 下午 GMT+8","男","理學院","Year4 or above","wechat微信","分享生活;嘿嘿嘿","內地生","內地","","","","2","4","对交流不感兴趣;階級壁壘","300？","30","<1分钟","facebook","缺乏一個專業的平臺","off record","mass mail","不發布","不發布","On campus hook up"
"2017/09/26 9:42:13 下午 GMT+8","女","理學院","Year4 or above","facebook;wechat微信;weibo微博","分享生活;交友","內地生","內地","","","","4","3","缺乏有效的交流平台;语言不通畅;关注不同的话题;文化背景不了解;对交流不感兴趣","20","30","<1分钟","微信朋友圈","微信朋友圈","微信朋友圈","微信朋友圈;校園微信公眾號（cu轉換器等）;內地生口中","微信朋友圈;校園微信公眾號（cu轉換器等）","微信朋友圈","熱點討論;上莊資訊;物品交換;招聘咨詢;倾诉心情（如树洞、CU Secret）;學術攻略（交換，選課等）"
"2017/09/26 9:43:09 下午 GMT+8","男","工程學院","Year1","wechat微信","討論校園生活和熱點話題;交友","內地生","內地","","","","3","4","语言不通畅","20","50","没发生过","微信朋友圈","微信朋友圈","facebook","內地生口中","微信朋友圈","微信朋友圈","交友約伴;學術攻略（交換，選課等）"
"2017/09/26 9:44:04 下午 GMT+8","男","工程學院","Year4 or above","facebook;wechat微信;weibo微博","分享生活;討論校園生活和熱點話題","內地生","內地","","","","3","4","关注不同的话题;文化背景不了解;对交流不感兴趣","100","10","5-10分钟","微信朋友圈","facebook;微信朋友圈;校園微信公眾號（cu轉換器等）;微博","微信朋友圈;缺乏一個專業的平臺","微信朋友圈;內地生口中","校園微信公眾號（cu轉換器等）","微信朋友圈;校園微信公眾號（cu轉換器等）","分享動態;熱點討論;上莊資訊;物品交換;校园意见反馈;倾诉心情（如树洞、CU Secret）;學術攻略（交換，選課等）"
"2017/09/26 10:00:34 下午 GMT+8","男","工程學院","Year1","wechat微信","分享生活;討論校園生活和熱點話題;交友","內地生","內地","","","","4","4","缺乏有效的交流平台;语言不通畅;关注不同的话题;文化背景不了解;对交流不感兴趣","30","50","<1分钟","微信朋友圈","微信朋友圈","facebook;微信朋友圈;校園微信公眾號（cu轉換器等）;微博","微信朋友圈;校園微信公眾號（cu轉換器等）;微博;內地生口中","微信朋友圈;校園微信公眾號（cu轉換器等）","微信朋友圈","分享動態;上莊資訊;物品交換;交友約伴;倾诉心情（如树洞、CU Secret）;學術攻略（交換，選課等）"
"2017/09/26 10:03:26 下午 GMT+8","男","理學院","Year4 or above","facebook;twitter;wechat微信;ins;whatsapps;telegram","分享生活;討論校園生活和熱點話題;交友","內地生","內地","","","","4","3","我也不造啊我觉得很通畅啊","20","没有经验","没发生过","facebook;微信朋友圈;校園微信公眾號（cu轉換器等）","facebook","facebook;微信朋友圈;校園微信公眾號（cu轉換器等）","facebook;微信朋友圈","facebook;微信朋友圈;校園微信公眾號（cu轉換器等）","没有","分享動態;熱點討論;上莊資訊;物品交換;招聘咨詢;交友約伴;校园意见反馈;倾诉心情（如树洞、CU Secret）;學術攻略（交換，選課等）"
"2017/09/26 10:18:49 下午 GMT+8","女","商學院","Year4 or above","wechat微信","討論校園生活和熱點話題;交友","內地生","內地","","","","2","1","缺乏有效的交流平台","10","15","没发生过","微信朋友圈","缺乏一個專業的平臺","缺乏一個專業的平臺","邮箱，学校网页","校園微信公眾號（cu轉換器等）","微信朋友圈","熱點討論;物品交換;招聘咨詢;交友約伴;校园意见反馈;學術攻略（交換，選課等）"
"2017/09/26 11:03:26 下午 GMT+8","女","理學院","Year4 or above","wechat微信;weibo微博;whatsapps","分享生活;討論校園生活和熱點話題","內地生","內地","","","","3","2","缺乏有效的交流平台;语言不通畅;关注不同的话题","30","10","1-5分钟","微信朋友圈","微信朋友圈","微信朋友圈","微信朋友圈;校園微信公眾號（cu轉換器等）;微博;內地生口中","微信朋友圈;校園微信公眾號（cu轉換器等）","微信朋友圈","分享動態;熱點討論;招聘咨詢;學術攻略（交換，選課等）"
"2017/09/26 11:16:53 下午 GMT+8","女","社科學院","Year4 or above","facebook;wechat微信;weibo微博;ins;whatsapps","分享生活;討論校園生活和熱點話題","內地生","內地","","","","2","2","缺乏有效的交流平台;语言不通畅;文化背景不了解","5","10","没发生过","微信朋友圈;微博","缺乏一個專業的平臺","微信朋友圈","缺乏一個專業的平臺","校園微信公眾號（cu轉換器等）","缺乏一個專業的平臺","熱點討論;上莊資訊;物品交換;交友約伴;學術攻略（交換，選課等）"
"2017/09/26 11:17:27 下午 GMT+8","男","工程學院","Year4 or above","wechat微信","基本通訊","內地生","內地","","","","4","2","缺乏有效的交流平台;语言不通畅;关注不同的话题;文化背景不了解;对交流不感兴趣","50","沒丟過不知道","没发生过","微信朋友圈","facebook;微信朋友圈","微信朋友圈;微信群","內地生口中;local同學口中;學系和學校","不交換","從未丟失","熱點討論;上莊資訊;物品交換;招聘咨詢;校园意见反馈;倾诉心情（如树洞、CU Secret）;學術攻略（交換，選課等）"
"2017/09/26 11:51:37 下午 GMT+8","男","社科學院","Year1","facebook;wechat微信","分享生活;討論校園生活和熱點話題;交友","內地生","內地","","","","3","3","缺乏有效的交流平台;关注不同的话题;文化背景不了解","10","10","1-5分钟","微信朋友圈","facebook;微信朋友圈","微信朋友圈","微信朋友圈","微信朋友圈;校園微信公眾號（cu轉換器等）","微信朋友圈","分享動態;熱點討論;物品交換;學術攻略（交換，選課等）"
"2017/09/27 8:59:56 上午 GMT+8","男","工程學院","Year4 or above","wechat微信","分享生活","內地生","內地","","","","2","3","对交流不感兴趣","5","30","没发生过","微信朋友圈","缺乏一個專業的平臺","微信朋友圈","学校","微信朋友圈;校園微信公眾號（cu轉換器等）","缺乏一個專業的平臺","物品交換"
"2017/09/27 9:02:26 上午 GMT+8","女","工程學院","Year3","facebook;wechat微信;weibo微博;ins;whatsapps","分享生活;討論校園生活和熱點話題;交友","內地生","內地","","","","4","2","缺乏有效的交流平台;语言不通畅;关注不同的话题;文化背景不了解;对交流不感兴趣","40","10","<1分钟","微信朋友圈","facebook;微信朋友圈","facebook;微信朋友圈;校園微信公眾號（cu轉換器等）","学校有平台","校園微信公眾號（cu轉換器等）","facebook;微信朋友圈","分享動態;熱點討論;物品交換;招聘咨詢;交友約伴;學術攻略（交換，選課等）"
"2017/09/27 9:03:38 上午 GMT+8","男","工程學院","Year4 or above","wechat微信","聊天","內地生","內地","","","","4","4","关注不同的话题;文化背景不了解;对交流不感兴趣","20","20","没发生过","微信朋友圈","缺乏一個專業的平臺","微信朋友圈;校園微信公眾號（cu轉換器等）","內地生口中;local同學口中;缺乏一個專業的平臺","校園微信公眾號（cu轉換器等）;缺乏一個專業的平臺","微信朋友圈","物品交換;招聘咨詢;學術攻略（交換，選課等）"
"2017/09/27 9:05:55 上午 GMT+8","男","理學院","Year3","wechat微信","交友","內地生","內地","","","","3","3","关注不同的话题","30","10","没发生过","微信朋友圈","缺乏一個專業的平臺","缺乏一個專業的平臺","缺乏一個專業的平臺","校園微信公眾號（cu轉換器等）","校園微信公眾號（cu轉換器等）;微博","熱點討論"
"2017/09/27 9:08:10 上午 GMT+8","女","商學院","Year2","wechat微信;weibo微博","分享生活;交友","內地生","內地","","","","3","2","语言不通畅;关注不同的话题;文化背景不了解","5","25","1-5分钟","微信朋友圈","微信朋友圈","微信朋友圈","微信朋友圈;內地生口中","微信朋友圈","微信朋友圈","物品交換;招聘咨詢;學術攻略（交換，選課等）"
"2017/09/27 9:08:20 上午 GMT+8","女","工程學院","Year2","wechat微信;weibo微博;ins","分享生活;交友","內地生","內地","","","","4","4","文化背景不了解","五六个","没遇到","没发生过","微信朋友圈","微信朋友圈","微信朋友圈","內地生口中","校園微信公眾號（cu轉換器等）","微信朋友圈","學術攻略（交換，選課等）"
"2017/09/27 9:20:41 上午 GMT+8","女","工程學院","Year3","wechat微信","討論校園生活和熱點話題;交友","內地生","內地","","","","2","2","语言不通畅;对交流不感兴趣","10","10","5-10分钟","微信朋友圈","缺乏一個專業的平臺","缺乏一個專業的平臺","缺乏一個專業的平臺","缺乏一個專業的平臺","微信朋友圈","物品交換;學術攻略（交換，選課等）"
"2017/09/27 9:21:43 上午 GMT+8","男","理學院","Year4 or above","wechat微信","分享生活;討論校園生活和熱點話題","內地生","內地","","","","3","3","缺乏有效的交流平台;语言不通畅;关注不同的话题;文化背景不了解;对交流不感兴趣","200","20","1-5分钟","微信朋友圈","微信朋友圈;缺乏一個專業的平臺","微信朋友圈;校園微信公眾號（cu轉換器等）","微信朋友圈;內地生口中","校園微信公眾號（cu轉換器等）","微信朋友圈","没必要"
"2017/09/27 9:25:52 上午 GMT+8","女","文學院","Year2","twitter;wechat微信;weibo微博;whatsapps","分享生活","內地生","內地","","","","4","3","缺乏有效的交流平台;对交流不感兴趣","10","30","1-5分钟","微信朋友圈","缺乏一個專業的平臺","缺乏一個專業的平臺","微信朋友圈;校園微信公眾號（cu轉換器等）;內地生口中;local同學口中","校園微信公眾號（cu轉換器等）","facebook;微信朋友圈;校園微信公眾號（cu轉換器等）","分享動態;物品交換;招聘咨詢;學術攻略（交換，選課等）"
"2017/09/27 9:27:12 上午 GMT+8","男","工程學院","Year4 or above","facebook;wechat微信;weibo微博;ins;whatsapps","分享生活;討論校園生活和熱點話題;交友","內地生","內地","","","","5","4","缺乏有效的交流平台;语言不通畅;文化背景不了解","10","20","1-5分钟","微信朋友圈","facebook;缺乏一個專業的平臺","facebook;微信朋友圈","local同學口中;Pip","facebook;校園微信公眾號（cu轉換器等）","facebook","上莊資訊;招聘咨詢;學術攻略（交換，選課等）"
"2017/09/27 9:28:18 上午 GMT+8","女","工程學院","Year3","wechat微信;weibo微博","分享生活;討論校園生活和熱點話題","內地生","內地","","","","3","3","关注不同的话题;文化背景不了解;对交流不感兴趣","10","15","没发生过","微信朋友圈","facebook;缺乏一個專業的平臺","校園微信公眾號（cu轉換器等）","学校邮件","facebook;校園微信公眾號（cu轉換器等）","微信朋友圈","物品交換;交友約伴;校园意见反馈;學術攻略（交換，選課等）"
"2017/09/27 9:32:17 上午 GMT+8","女","工程學院","Year2","facebook;wechat微信;weibo微博;ins;whatsapps","分享生活;討論校園生活和熱點話題;物品交換;交友","內地生","內地","","","","2","1","缺乏有效的交流平台;语言不通畅;关注不同的话题","10","5","没发生过","微信朋友圈","缺乏一個專業的平臺","facebook;微信朋友圈","email","校園微信公眾號（cu轉換器等）","缺乏一個專業的平臺","熱點討論;物品交換;校园意见反馈;倾诉心情（如树洞、CU Secret）;學術攻略（交換，選課等）"
"2017/09/27 9:34:09 上午 GMT+8","男","工程學院","Year3","wechat微信","分享生活;討論校園生活和熱點話題;交友","內地生","內地","","","","1","1","缺乏有效的交流平台;关注不同的话题;文化背景不了解;对交流不感兴趣","10","20","1-5分钟","微信朋友圈","微信朋友圈;校園微信公眾號（cu轉換器等）","微信朋友圈;校園微信公眾號（cu轉換器等）","微信朋友圈;校園微信公眾號（cu轉換器等）;內地生口中","微信朋友圈","微信朋友圈","分享動態;招聘咨詢;校园意见反馈;學術攻略（交換，選課等）"
"2017/09/27 9:35:28 上午 GMT+8","男","工程學院","Year4 or above","facebook;wechat微信;weibo微博","分享生活;討論校園生活和熱點話題;交友","local","內地","","","","2","1","语言不通畅;对交流不感兴趣","30","15","<1分钟","微信朋友圈","facebook;微信朋友圈","微信朋友圈","校園微信公眾號（cu轉換器等）;缺乏一個專業的平臺","校園微信公眾號（cu轉換器等）","微信朋友圈;校園微信公眾號（cu轉換器等）","物品交換;校园意见反馈;學術攻略（交換，選課等）"
"2017/09/27 9:36:42 上午 GMT+8","秀吉 扶她","工程學院","Year4 or above","wechat微信","及时交流","local","內地","","","","1","1","关注不同的话题;文化背景不了解;对交流不感兴趣","30","10","40分钟-1小时","大约有2年没有发朋友圈了","校園微信公眾號（cu轉換器等）","当面讨论","教授","校園微信公眾號（cu轉換器等）","微信朋友圈","物品交換"
"2017/09/27 9:39:22 上午 GMT+8","女","工程學院","Year3","wechat微信","交友;搜寻信息，不是招聘的","內地生","內地","","","","3","3","缺乏有效的交流平台;关注不同的话题;对交流不感兴趣","1","10","没发生过","微信朋友圈","缺乏一個專業的平臺","微信朋友圈;微博","微信朋友圈;校園微信公眾號（cu轉換器等）;內地生口中;local同學口中","微信朋友圈;校園微信公眾號（cu轉換器等）;微博","微信朋友圈;校園微信公眾號（cu轉換器等）","分享動態;熱點討論;上莊資訊;物品交換;招聘咨詢;交友約伴;校园意见反馈;倾诉心情（如树洞、CU Secret）;學術攻略（交換，選課等）"
"2017/09/27 9:52:08 上午 GMT+8","女","商學院","Year2","wechat微信;ins;whatsapps","分享生活;討論校園生活和熱點話題;物品交換;交友","內地生","內地","","","","2","4","缺乏有效的交流平台;语言不通畅;关注不同的话题;文化背景不了解","15","25","1-5分钟","微信朋友圈","facebook;微信朋友圈","微信朋友圈","微信朋友圈;校園微信公眾號（cu轉換器等）;內地生口中","校園微信公眾號（cu轉換器等）","微信朋友圈;校園微信公眾號（cu轉換器等）","分享動態;熱點討論;上莊資訊;物品交換;招聘咨詢;交友約伴;校园意见反馈;倾诉心情（如树洞、CU Secret）;學術攻略（交換，選課等）"
"2017/09/27 9:59:57 上午 GMT+8","女","商學院","Year2","wechat微信;weibo微博","分享生活;討論校園生活和熱點話題;求職，招聘信息;交友","內地生","內地","","","","2","1","缺乏有效的交流平台;语言不通畅;关注不同的话题;文化背景不了解","10","20","1-5分钟","微信朋友圈","微信朋友圈","微信朋友圈","微信朋友圈;內地生口中","微信朋友圈","微信朋友圈","分享動態;熱點討論;上莊資訊;物品交換;招聘咨詢;交友約伴;倾诉心情（如树洞、CU Secret）;學術攻略（交換，選課等）"
"2017/09/27 10:01:28 上午 GMT+8","男","社科學院","Year2","wechat微信;weibo微博;whatsapps","分享生活","內地生","內地","","","","2","2","缺乏有效的交流平台;语言不通畅;文化背景不了解","30","30","1-5分钟","微信朋友圈","facebook;微信朋友圈","缺乏一個專業的平臺","学校","校園微信公眾號（cu轉換器等）","微信朋友圈","分享動態;熱點討論;物品交換;交友約伴;校园意见反馈;學術攻略（交換，選課等）"
"2017/09/27 10:03:44 上午 GMT+8","男","工程學院","Year4 or above","wechat微信","分享生活","內地生","內地","","","","4","3","语言不通畅","40","10","1-5分钟","微信朋友圈;微博","微信朋友圈","微信朋友圈;微博","facebook;微信朋友圈;校園微信公眾號（cu轉換器等）;微博","微信朋友圈;微博","facebook;微信朋友圈;校園微信公眾號（cu轉換器等）","熱點討論;上莊資訊;物品交換;招聘咨詢"
"2017/09/27 10:12:48 上午 GMT+8","男","文學院","Year3","wechat微信","交友","內地生","內地","","","","1","1","缺乏有效的交流平台;关注不同的话题;对交流不感兴趣","20","60","1-5分钟","微信朋友圈","缺乏一個專業的平臺","微信朋友圈","缺乏一個專業的平臺","缺乏一個專業的平臺","缺乏一個專業的平臺","交友約伴"
"2017/09/27 10:28:04 上午 GMT+8","女","商學院","Year3","facebook;wechat微信;ins;whatsapps","分享生活;討論校園生活和熱點話題","內地生","內地","","","","2","1","语言不通畅;关注不同的话题;文化背景不了解","30","1","1-5分钟","微信朋友圈;ins","facebook","微信朋友圈;校園微信公眾號（cu轉換器等）","微信朋友圈;內地生口中","校園微信公眾號（cu轉換器等）","微信朋友圈","招聘咨詢;學術攻略（交換，選課等）"
"2017/09/27 10:34:39 上午 GMT+8","X","理學院","Year3","facebook;wechat微信;whatsapps","討論校園生活和熱點話題;物品交換","內地生","內地","","","","3","1","关注不同的话题","10","10","1-5分钟","facebook;微信朋友圈","缺乏一個專業的平臺","当面","求职网站","校園微信公眾號（cu轉換器等）","微信朋友圈","物品交換;交友約伴"
"2017/09/27 10:38:24 上午 GMT+8","男","工程學院","Year4 or above","facebook;wechat微信","分享生活;討論校園生活和熱點話題","內地生","內地","","","","3","3","缺乏有效的交流平台;语言不通畅;文化背景不了解","30","5","1-5分钟","facebook;微信朋友圈;校園微信公眾號（cu轉換器等）","facebook;微信朋友圈","微信朋友圈;校園微信公眾號（cu轉換器等）","微信朋友圈;校園微信公眾號（cu轉換器等）;內地生口中","微信朋友圈;校園微信公眾號（cu轉換器等）","微信朋友圈;校園微信公眾號（cu轉換器等）","分享動態;熱點討論"
"2017/09/27 10:49:24 上午 GMT+8","女","工程學院","Year3","wechat微信","討論校園生活和熱點話題;交友","內地生","內地","","","","5","3","语言不通畅;关注不同的话题;文化背景不了解","30","30","没发生过","微信朋友圈","缺乏一個專業的平臺","微信朋友圈","缺乏一個專業的平臺","缺乏一個專業的平臺","缺乏一個專業的平臺","分享動態;熱點討論;上莊資訊;物品交換"
"2017/09/27 10:51:00 上午 GMT+8","女","工程學院","Year3","wechat微信","分享生活;交友;聊天","內地生","內地","","","","3","3","缺乏有效的交流平台;语言不通畅;文化背景不了解","10","15","没发生过","微信朋友圈","facebook;微信朋友圈","缺乏一個專業的平臺","微信朋友圈;校園微信公眾號（cu轉換器等）;local同學口中;缺乏一個專業的平臺","缺乏一個專業的平臺","微信朋友圈","熱點討論;交友約伴;學術攻略（交換，選課等）"
"2017/09/27 10:56:38 上午 GMT+8","男","工程學院","Year4 or above","facebook;wechat微信;weibo微博;whatsapps","分享生活;交友","內地生","內地","","","","3","4","关注不同的话题;文化背景不了解;对交流不感兴趣","30","20","没发生过","微信朋友圈;微博","缺乏一個專業的平臺","微信朋友圈;微博","微信朋友圈;內地生口中","微信朋友圈;微博","微信朋友圈;微博","分享動態;熱點討論;物品交換;招聘咨詢;交友約伴"
"2017/09/27 10:58:41 上午 GMT+8","男","工程學院","Year3","wechat微信","分享生活;討論校園生活和熱點話題;交友","內地生","內地","","","","2","2","语言不通畅;文化背景不了解;对交流不感兴趣","10","10","没发生过","微信朋友圈","微信朋友圈","微信朋友圈;校園微信公眾號（cu轉換器等）","微信朋友圈;校園微信公眾號（cu轉換器等）;內地生口中","微信朋友圈","校園微信公眾號（cu轉換器等）","熱點討論;物品交換;交友約伴;倾诉心情（如树洞、CU Secret）"
"2017/09/27 10:59:24 上午 GMT+8","男","工程學院","Year4 or above","wechat微信","分享生活","內地生","內地","","","","2","4","缺乏有效的交流平台;语言不通畅","5","5","没发生过","微信朋友圈","微信朋友圈","微信朋友圈","微信朋友圈","微信朋友圈","微信朋友圈","分享動態;熱點討論"
"2017/09/27 11:07:49 上午 GMT+8","男","工程學院","Year4 or above","facebook;wechat微信;weibo微博;whatsapps","物品交換","local","內地","","","","1","1","文化背景不了解;对交流不感兴趣","50","10","40分钟-1小时","微信朋友圈","facebook;微博","缺乏一個專業的平臺","缺乏一個專業的平臺","校園微信公眾號（cu轉換器等）","校園微信公眾號（cu轉換器等）","熱點討論;物品交換;倾诉心情（如树洞、CU Secret）"
"2017/09/27 11:10:15 上午 GMT+8","男","工程學院","Year4 or above","wechat微信","交友","內地生","內地","","","","1","1","对交流不感兴趣","1","5","5-10分钟","微信朋友圈","缺乏一個專業的平臺","缺乏一個專業的平臺","缺乏一個專業的平臺","校園微信公眾號（cu轉換器等）","微信朋友圈","分享動態;熱點討論;上莊資訊;物品交換;招聘咨詢;交友約伴;倾诉心情（如树洞、CU Secret）;學術攻略（交換，選課等）"
"2017/09/27 11:30:42 上午 GMT+8","女","工程學院","Year3","wechat微信;weibo微博","分享生活;討論校園生活和熱點話題","內地生","內地","","","","2","2","缺乏有效的交流平台;语言不通畅;关注不同的话题;文化背景不了解","20","5","没发生过","微信朋友圈","缺乏一個專業的平臺","微信朋友圈","校園微信公眾號（cu轉換器等）;內地生口中;local同學口中;缺乏一個專業的平臺","校園微信公眾號（cu轉換器等）","校園微信公眾號（cu轉換器等）","分享動態;熱點討論;物品交換;招聘咨詢;校园意见反馈;學術攻略（交換，選課等）"
"2017/09/27 12:06:45 下午 GMT+8","男","工程學院","Year3","wechat微信;QQ","分享生活;討論校園生活和熱點話題;交友","內地生","內地","","","","4","4","语言不通畅;文化背景不了解","20","10","没发生过","微信朋友圈;QQ","微信朋友圈","微信朋友圈","校園微信公眾號（cu轉換器等）","缺乏一個專業的平臺","缺乏一個專業的平臺","分享動態;熱點討論;上莊資訊;物品交換;招聘咨詢;交友約伴;校园意见反馈;倾诉心情（如树洞、CU Secret）;學術攻略（交換，選課等）"
"2017/09/27 1:48:57 下午 GMT+8","男","理學院","Year4 or above","wechat微信","分享生活;交友;跟家人联系","內地生","內地","","","","2","3","缺乏有效的交流平台;关注不同的话题;文化背景不了解","15","2","没发生过","微信朋友圈","缺乏一個專業的平臺","缺乏一個專業的平臺","微信朋友圈","微信朋友圈;校園微信公眾號（cu轉換器等）","微信朋友圈","分享動態;熱點討論;倾诉心情（如树洞、CU Secret）"
"2017/10/02 10:48:55 上午 GMT+8","男","理學院","Year1","wechat微信;QQ","分享生活;討論校園生活和熱點話題","內地生","內地","","","","3","2","缺乏有效的交流平台;语言不通畅;文化背景不了解","20","15","5-10分钟","微信朋友圈;QQ空间","微信朋友圈","微信朋友圈","微信朋友圈;內地生口中","微信朋友圈","微信朋友圈","分享動態;熱點討論;上莊資訊;交友約伴;倾诉心情（如树洞、CU Secret）;學術攻略（交換，選課等）"
"2017/10/02 10:53:24 上午 GMT+8","男","理學院","Year1","wechat微信","分享生活","內地生","內地","","","","3","2","语言不通畅","30","15","5-10分钟","微信朋友圈","微信朋友圈","缺乏一個專業的平臺","校園微信公眾號（cu轉換器等）","缺乏一個專業的平臺","微信朋友圈","分享動態;交友約伴"
"2017/10/02 10:54:46 上午 GMT+8","男","理學院","Year3","wechat微信;whatsapps","分享生活;討論校園生活和熱點話題;交友","內地生","內地","","","","2","4","关注不同的话题;对交流不感兴趣","8","15","1-5分钟","微信","缺乏一個專業的平臺","缺乏一個專業的平臺","校園微信公眾號（cu轉換器等）","未发布","微信朋友圈","交友約伴;校园意见反馈;倾诉心情（如树洞、CU Secret）;學術攻略（交換，選課等）"
"2017/10/02 11:11:39 上午 GMT+8","女","理學院","Year3","facebook;wechat微信;weibo微博;ins;whatsapps","分享生活;討論校園生活和熱點話題;物品交換;交友","內地生","內地","","","","3","3","语言不通畅;对交流不感兴趣","300","50","1-5分钟","微信朋友圈;微博","微信朋友圈;校園微信公眾號（cu轉換器等）","微信朋友圈","facebook;缺乏一個專業的平臺","微信朋友圈;校園微信公眾號（cu轉換器等）;微博","facebook;微信朋友圈;校園微信公眾號（cu轉換器等）","分享動態;熱點討論;上莊資訊;物品交換;招聘咨詢;交友約伴;校园意见反馈;倾诉心情（如树洞、CU Secret）;學術攻略（交換，選課等）"
"2017/10/02 11:16:37 上午 GMT+8","男","理學院","Year4 or above","wechat微信","討論校園生活和熱點話題","內地生","內地","","","","2","1","关注不同的话题;对交流不感兴趣","50","10","没发生过","微信朋友圈","微信朋友圈","微信朋友圈","微信朋友圈;校園微信公眾號（cu轉換器等）;內地生口中","微信朋友圈","没发布过","分享動態;熱點討論;物品交換;交友約伴;倾诉心情（如树洞、CU Secret）;學術攻略（交換，選課等）"
"2017/10/02 11:17:02 上午 GMT+8","男","理學院","Year4 or above","wechat微信","联系交流","內地生","內地","","","","1","3","语言不通畅;对交流不感兴趣","3","6","没发生过","微信朋友圈","缺乏一個專業的平臺","缺乏一個專業的平臺","內地生口中","缺乏一個專業的平臺","缺乏一個專業的平臺","招聘咨詢;學術攻略（交換，選課等）"
"2017/10/02 1:12:04 下午 GMT+8","男","理學院","Year4 or above","wechat微信","分享生活","內地生","內地","","","","3","1","关注不同的话题;文化背景不了解;对交流不感兴趣","5","10","1-5分钟","微信朋友圈","微信朋友圈;缺乏一個專業的平臺","微信朋友圈","微信朋友圈","微信朋友圈","微信朋友圈","交友約伴"
"2017/10/02 1:21:58 下午 GMT+8","女","理學院","Year4 or above","wechat微信;weibo微博","討論校園生活和熱點話題","內地生","內地","","","","2","1","对交流不感兴趣","5","15","没发生过","微信朋友圈","微信朋友圈","微信朋友圈","微信朋友圈","校園微信公眾號（cu轉換器等）","微信朋友圈","分享動態;熱點討論;招聘咨詢;學術攻略（交換，選課等）"
"2017/10/02 5:22:54 下午 GMT+8","男","商學院","Year4 or above","wechat微信","分享生活;討論校園生活和熱點話題;物品交換;求職，招聘信息;交友","內地生","內地","","","","2","2","语言不通畅;文化背景不了解","50","10","1-5分钟","微信朋友圈","微信朋友圈","微信朋友圈","微信朋友圈;內地生口中","微信朋友圈","微信朋友圈","物品交換;招聘咨詢;倾诉心情（如树洞、CU Secret）;學術攻略（交換，選課等）"
"2017/10/02 5:24:22 下午 GMT+8","女","社科學院","Year4 or above","wechat微信","分享生活","內地生","內地","","","","2","2","缺乏有效的交流平台;关注不同的话题;对交流不感兴趣","30","3","没发生过","微信朋友圈","facebook","facebook;微信朋友圈","校園微信公眾號（cu轉換器等）;內地生口中","微信朋友圈;校園微信公眾號（cu轉換器等）","微信朋友圈","招聘咨詢;學術攻略（交換，選課等）"
"2017/10/02 5:28:07 下午 GMT+8","男","商學院","Year4 or above","wechat微信","討論校園生活和熱點話題","內地生","內地","","","","5","4","缺乏有效的交流平台;语言不通畅;文化背景不了解","20","15","没发生过","微信朋友圈","微信朋友圈","微信朋友圈","微信朋友圈;內地生口中","微信朋友圈;校園微信公眾號（cu轉換器等）","微信朋友圈","上莊資訊;招聘咨詢;學術攻略（交換，選課等）"
"2017/10/02 5:57:47 下午 GMT+8","男","商學院","Year4 or above","wechat微信","分享生活;討論校園生活和熱點話題;求職，招聘信息;交友","內地生","內地","","","","3","3","缺乏有效的交流平台;关注不同的话题;文化背景不了解","20","50","<1分钟","微信朋友圈","微信朋友圈","微信朋友圈","微信朋友圈;校園微信公眾號（cu轉換器等）;內地生口中","微信朋友圈;校園微信公眾號（cu轉換器等）","微信朋友圈;校園微信公眾號（cu轉換器等）","熱點討論;物品交換;招聘咨詢;交友約伴;倾诉心情（如树洞、CU Secret）;學術攻略（交換，選課等）"
"2017/10/02 7:37:39 下午 GMT+8","女","商學院","Year4 or above","wechat微信","交友","內地生","內地","","","","2","2","关注不同的话题;文化背景不了解","3","5","没发生过","微信朋友圈","缺乏一個專業的平臺","缺乏一個專業的平臺","email","微信朋友圈","缺乏一個專業的平臺","學術攻略（交換，選課等）"
"2017/10/03 7:24:59 下午 GMT+8","女","理學院","Year4 or above","wechat微信","分享生活;討論校園生活和熱點話題;交友","內地生","內地","","","","2","3","语言不通畅;关注不同的话题;对交流不感兴趣","15","20","1-5分钟","微信朋友圈","微信朋友圈;微博","微信朋友圈","email ","校園微信公眾號（cu轉換器等）","微信朋友圈","物品交換;招聘咨詢;交友約伴;倾诉心情（如树洞、CU Secret）;學術攻略（交換，選課等）"
"2017/10/03 7:40:43 下午 GMT+8","男","工程學院","Year4 or above","wechat微信;whatsapps","分享生活;討論校園生活和熱點話題;交友","內地生","內地","","","","2","2","语言不通畅;关注不同的话题;文化背景不了解;对交流不感兴趣","15","20","没发生过","微信朋友圈","facebook;微信朋友圈;见面。。。","微信朋友圈;见面。。。","微信朋友圈;內地生口中","微信朋友圈;校園微信公眾號（cu轉換器等）","微信朋友圈","分享動態;熱點討論;物品交換;招聘咨詢;交友約伴;學術攻略（交換，選課等）"
"2017/10/03 8:35:22 下午 GMT+8","男","工程學院","Year4 or above","wechat微信;weibo微博","分享生活;交友","內地生","內地","","","","3","3","语言不通畅;关注不同的话题;文化背景不了解","5","20","没发生过","微信朋友圈","微信朋友圈","微信朋友圈","缺乏一個專業的平臺","校園微信公眾號（cu轉換器等）","校園微信公眾號（cu轉換器等）","分享動態;熱點討論;上莊資訊;物品交換;招聘咨詢;倾诉心情（如树洞、CU Secret）"
"2017/10/03 8:55:33 下午 GMT+8","女","商學院","Year4 or above","wechat微信","分享生活;討論校園生活和熱點話題;物品交換;求職，招聘信息;交友","內地生","內地","","","","2","3","缺乏有效的交流平台;语言不通畅;关注不同的话题;文化背景不了解;对交流不感兴趣","20","10","1-5分钟","facebook;微信朋友圈","缺乏一個專業的平臺","微信朋友圈","微信朋友圈;內地生口中","校園微信公眾號（cu轉換器等）","微信朋友圈","分享動態;熱點討論;上莊資訊;物品交換;招聘咨詢;交友約伴;校园意见反馈;倾诉心情（如树洞、CU Secret）;學術攻略（交換，選課等）"
"2017/10/03 10:00:54 下午 GMT+8","男","理學院","Year4 or above","wechat微信","交友","內地生","內地","","","","3","3","语言不通畅","10","30","1-5分钟","微信朋友圈","微信朋友圈","微信朋友圈","缺乏一個專業的平臺","校園微信公眾號（cu轉換器等）","缺乏一個專業的平臺","學術攻略（交換，選課等）"
"2017/10/03 10:01:34 下午 GMT+8","男","理學院","Year3","facebook;wechat微信;whatsapps","分享生活;物品交換;交友","內地生","內地","","","","3","3","缺乏有效的交流平台;关注不同的话题;文化背景不了解","5","0","没发生过","微信朋友圈","缺乏一個專業的平臺","缺乏一個專業的平臺","缺乏一個專業的平臺","校園微信公眾號（cu轉換器等）","微信朋友圈","物品交換;交友約伴;校园意见反馈;倾诉心情（如树洞、CU Secret）;學術攻略（交換，選課等）"
"2017/10/03 10:02:05 下午 GMT+8","男","工程學院","Year4 or above","wechat微信","分享生活;討論校園生活和熱點話題","內地生","內地","","","","4","3","缺乏有效的交流平台;语言不通畅;关注不同的话题;文化背景不了解","有三五百吧","50（直接好友，非直接的我也看不到）","<1分钟","微信朋友圈","一般都是先认识了才加的微信","微信朋友圈","邮件","微信朋友圈","微信朋友圈","招聘咨詢;交友約伴;學術攻略（交換，選課等）"
"2017/10/03 10:04:13 下午 GMT+8","男","商學院","Year2","wechat微信","交友","內地生","內地","","","","1","1","缺乏有效的交流平台;语言不通畅;关注不同的话题;文化背景不了解;对交流不感兴趣","30","15","1-5分钟","微信朋友圈;校園微信公眾號（cu轉換器等）","微信朋友圈","微信朋友圈;校園微信公眾號（cu轉換器等）","微信朋友圈","微信朋友圈","微信朋友圈","熱點討論"
"2017/10/03 10:05:55 下午 GMT+8","男","理學院","Year2","facebook;wechat微信","分享生活;討論校園生活和熱點話題;物品交換;求職，招聘信息","內地生","內地","","","","3","4","语言不通畅;关注不同的话题;文化背景不了解","20","40","<1分钟","微信朋友圈","微信朋友圈","微信朋友圈","facebook;微信朋友圈","facebook;微信朋友圈","facebook;微信朋友圈","分享動態;上莊資訊;物品交換;交友約伴;學術攻略（交換，選課等）"
"2017/10/03 10:07:24 下午 GMT+8","男","理學院","Year3","facebook;wechat微信;weibo微博","分享生活;討論校園生活和熱點話題;交友","內地生","內地","","","","3","2","语言不通畅;文化背景不了解","30","30","没发生过","微信朋友圈","微信朋友圈","微信朋友圈","微信朋友圈;內地生口中","校園微信公眾號（cu轉換器等）","微信朋友圈","分享動態;熱點討論;上莊資訊;物品交換;招聘咨詢;交友約伴;校园意见反馈;倾诉心情（如树洞、CU Secret）;學術攻略（交換，選課等）"
"2017/10/03 10:08:52 下午 GMT+8","男","商學院","Year2","wechat微信","討論校園生活和熱點話題;交友","內地生","內地","","","","3","3","语言不通畅;文化背景不了解","30","8","1-5分钟","微信朋友圈","微信朋友圈","微信朋友圈","內地生口中","校園微信公眾號（cu轉換器等）","微信朋友圈","分享動態;熱點討論;上莊資訊;物品交換;招聘咨詢;交友約伴;校园意见反馈;倾诉心情（如树洞、CU Secret）;學術攻略（交換，選課等）"
"2017/10/03 10:10:45 下午 GMT+8","男","理學院","Year2","wechat微信","分享生活","內地生","內地","","","","3","3","语言不通畅","4","5","1-5分钟","微信朋友圈","微信朋友圈","微信朋友圈","微信朋友圈","微信朋友圈","微信朋友圈","分享動態"
"2017/10/03 11:04:38 下午 GMT+8","男","理學院","Year4 or above","twitter;wechat微信","分享生活","international","內地","","","","3","3","文化背景不了解","10","NA","5-10分钟","微信朋友圈","微信朋友圈","微信朋友圈","微信朋友圈","微信朋友圈","微信朋友圈","分享動態;熱點討論;上莊資訊;招聘咨詢;交友約伴;倾诉心情（如树洞、CU Secret）;學術攻略（交換，選課等）"
"2017/10/04 12:40:59 上午 GMT+8","女","理學院","Year4 or above","facebook;wechat微信;ins;whatsapps","分享生活;討論校園生活和熱點話題;物品交換;求職，招聘信息;交友","都有","內地","","","","4","3","缺乏有效的交流平台;关注不同的话题;文化背景不了解","15","20","没发生过","facebook;微信朋友圈;ins","facebook;微信朋友圈;whatsapp","facebook;微信朋友圈","微信朋友圈;校園微信公眾號（cu轉換器等）;內地生口中;email","facebook;微信朋友圈;校園微信公眾號（cu轉換器等）","facebook;微信朋友圈;校園微信公眾號（cu轉換器等）;whatsapp","分享動態;熱點討論;上莊資訊;物品交換;招聘咨詢;交友約伴;校园意见反馈;倾诉心情（如树洞、CU Secret）;學術攻略（交換，選課等）"
